study_id,ex_size,ex_mean,ex_sd,ctrl_n,ctrl_mean,ctrl_sd
"Cartellieri et al., 2016",6,131.5789,10.2622,6,141.9096,58.8119
"Lee et al., 2019",5,-23.83,4.181447118,5,2.06,9.816338421
"Lu et al., 2019",10,4.945,8.603,10,4.88,9.1017
"Ma et al., 2015",6,103,3.53,12,90.805,17.2886
"Peng et al., 2022",20,22.1925,2.5384,20,22.1925,2.6339
"Pennell et al., 2022",5,92.82,4.449775275,10,98.7,0.4006
"Su et al., 2022",16,16.06,0.062,16,17.43,2.9063
"Sun et al., 2022",12,12.435,13.1144,24,21.8925,1.1523
